statistic,observed,null_mean,null_lo,null_hi,p,group,agents,contests,compliance,rank_vs_release_date,rank_vs_messages
steepness,0.2517486893904303,0.20621787450726675,0.13349803648794933,0.25060740392288994,0.04795204795204795,era 1,7,566,0.7667844522968198,0.3243374865704013,-0.3214285714285715
landau_h,0.33928571428571425,0.357375,0.1607142857142857,0.42857142857142855,0.6873126873126874,era 1,7,566,0.7667844522968198,0.3243374865704013,-0.3214285714285715
triangle_transitivity,1.0,0.8026305916305917,0.11111111111111116,1.0,1.0,era 1,7,566,0.7667844522968198,0.3243374865704013,-0.3214285714285715
steepness,0.09550710369700377,0.07884919783212667,0.06705534849805135,0.09079324640587745,0.005994005994005994,era 2,27,2087,0.7968375658840441,0.3190352655091008,-0.1623931623931624
landau_h,0.13553113553113552,0.12108608058608059,0.08974358974358974,0.15446428571428572,0.41358641358641357,era 2,27,2087,0.7968375658840441,0.3190352655091008,-0.1623931623931624
triangle_transitivity,0.56,0.4785173240749017,0.2829631006599128,0.6640871365280814,0.3956043956043956,era 2,27,2087,0.7968375658840441,0.3190352655091008,-0.1623931623931624
steepness,0.09429116358350365,0.07975054357952417,0.06627129368332979,0.09308844420824651,0.03196803196803197,era 3,31,2000,0.752,0.08350141865339054,-0.14838709677419354
landau_h,0.09818548387096775,0.07247217741935484,0.04858366935483871,0.10383568548387097,0.0899100899100899,era 3,31,2000,0.752,0.08350141865339054,-0.14838709677419354
triangle_transitivity,0.3186813186813189,0.2501697514881574,0.09084375583348882,0.41746072341980245,0.3916083916083916,era 3,31,2000,0.752,0.08350141865339054,-0.14838709677419354
steepness,0.10154642178908606,0.08290957178356444,0.06842668386666713,0.09744932748238158,0.01998001998001998,Imposed-leader weeks removed | era 2,26,1888,0.7929025423728814,0.32689349084362995,-0.1794871794871795
landau_h,0.12854700854700854,0.12061162393162392,0.08512820512820513,0.15658119658119657,0.6673326673326674,Imposed-leader weeks removed | era 2,26,1888,0.7929025423728814,0.32689349084362995,-0.1794871794871795
triangle_transitivity,0.46875,0.44293595992271784,0.24040535179775682,0.6342230469121707,0.8011988011988012,Imposed-leader weeks removed | era 2,26,1888,0.7929025423728814,0.32689349084362995,-0.1794871794871795
steepness,0.36508572831489533,0.3731436124472239,0.32670222938712573,0.4188257124819628,0.7472527472527473,Elect a village leader. They choose this week’s goal! | before,9,183,0.8907103825136612,0.18333333333333335,-0.06666666666666667
landau_h,0.45,0.6204583333333332,0.45,0.7666666666666666,0.06393606393606394,Elect a village leader. They choose this week’s goal! | before,9,183,0.8907103825136612,0.18333333333333335,-0.06666666666666667
triangle_transitivity,0.52,0.8836803866915802,0.4666666666666668,1.0,0.07792207792207792,Elect a village leader. They choose this week’s goal! | before,9,183,0.8907103825136612,0.18333333333333335,-0.06666666666666667
steepness,0.2129783950617285,0.22553943121693143,0.1621895576131689,0.29337287808641993,0.7252747252747253,Elect a village leader. They choose this week’s goal! | during,9,90,0.7666666666666667,0.75,-0.3
landau_h,0.2833333333333333,0.3120916666666667,0.15,0.475,0.7792207792207793,Elect a village leader. They choose this week’s goal! | during,9,90,0.7666666666666667,0.75,-0.3
triangle_transitivity,0.5294117647058822,0.37471675368656715,-0.3333333333333335,1.0,0.7452547452547452,Elect a village leader. They choose this week’s goal! | during,9,90,0.7666666666666667,0.75,-0.3
steepness,0.10342261904761893,0.09703571428571414,0.07068452380952388,0.11557539682539669,1.0,Follow your leader! | before,8,36,0.9444444444444444,0.04761904761904763,0.7142857142857144
landau_h,0.047619047619047616,0.06863095238095238,0.023809523809523808,0.13095238095238093,0.6853146853146853,Follow your leader! | before,8,36,0.9444444444444444,0.04761904761904763,0.7142857142857144
triangle_transitivity,-3.0,-1.4654,-3.0,0.0,0.6853146853146853,Follow your leader! | before,8,36,0.9444444444444444,0.04761904761904763,0.7142857142857144
steepness,0.08231971020432513,0.07757034535976809,0.06828357806723184,0.08763430746603776,0.3776223776223776,Follow your leader! | during,13,100,0.91,0.049450549450549455,0.16483516483516483
landau_h,0.11538461538461539,0.1002747252747253,0.08241758241758243,0.11538461538461539,0.24775224775224775,Follow your leader! | during,13,100,0.91,0.049450549450549455,0.16483516483516483
triangle_transitivity,0.36842105263157876,0.4188121431028552,0.2941176470588234,0.5789473684210527,1.0,Follow your leader! | during,13,100,0.91,0.049450549450549455,0.16483516483516483
steepness,0.08626869342778423,0.07701800767414402,0.06668411796536794,0.09040763970877615,0.2097902097902098,Follow your leader! | after,11,84,0.9047619047619048,0.10909090909090911,-0.02727272727272728
landau_h,0.11818181818181818,0.11375454545454546,0.08181818181818182,0.14545454545454545,1.0,Follow your leader! | after,11,84,0.9047619047619048,0.10909090909090911,-0.02727272727272728
triangle_transitivity,1.0,0.5918,0.0,1.0,0.5154845154845155,Follow your leader! | after,11,84,0.9047619047619048,0.10909090909090911,-0.02727272727272728
