statistic,group,null,observed,null_mean,null_lo,null_hi,p
reciprocity,era 1,speaker,0.6312571390176712,0.6006558095442035,0.5888045238940528,0.6114752189804674,0.001998001998001998
reciprocity,era 2,speaker,0.5884618784917608,0.6375208609650135,0.6331992364944573,0.6417663015576125,0.001998001998001998
reciprocity,era 3,speaker,0.5771409273878093,0.659129742138224,0.6527663709530758,0.6662053077762241,0.001998001998001998
same_family_share,era 1,speaker,0.16871598468050797,0.17721201023641392,0.17232453345673088,0.18192859891379937,0.001998001998001998
same_family_share,era 2,speaker,0.2474534418099842,0.2134928135092328,0.21154736873643976,0.21543302734324601,0.001998001998001998
same_family_share,era 3,speaker,0.1130332711433304,0.13548082132986677,0.132503927939738,0.13844762766700963,0.001998001998001998
partner_selectivity,era 1,speaker,0.32885633908073214,0.3335344214435375,0.32591880522933026,0.34429029773632636,0.31368631368631367
partner_selectivity,era 2,speaker,0.14613905860276036,0.1361183855907453,0.13279879394020658,0.1399359594530453,0.001998001998001998
partner_selectivity,era 3,speaker,0.13181711510930044,0.060388281934156754,0.05920973760470968,0.061750774263836884,0.001998001998001998
transitivity,era 1,speaker,0.75,0.6869179355127631,0.6363636363636364,0.75,0.2677322677322677
transitivity,era 2,speaker,0.7450693937180424,0.7812882687433973,0.7702372140218708,0.7899934167215273,0.001998001998001998
transitivity,era 3,speaker,0.6469002695417789,0.7758518980057875,0.75965677747838,0.791758734928156,0.001998001998001998
reciprocity,era 1,target,0.6312571390176712,0.5422028856775588,0.5348295972524362,0.5489695197740785,0.001998001998001998
reciprocity,era 2,target,0.5884618784917608,0.5464444439667447,0.543658665048507,0.5493056396519765,0.001998001998001998
reciprocity,era 3,target,0.5771409273878093,0.5433735136830076,0.5392619448776115,0.5475252025814321,0.001998001998001998
same_family_share,era 1,target,0.16871598468050797,0.17743944659851207,0.17254455142112135,0.18239962389072223,0.003996003996003996
same_family_share,era 2,target,0.2474534418099842,0.22742350592577737,0.22571745631180137,0.22912813000311244,0.001998001998001998
same_family_share,era 3,target,0.1130332711433304,0.12700278206260696,0.12445184259923145,0.12954061546873558,0.001998001998001998
partner_selectivity,era 1,target,0.32885633908073214,0.33428907608033,0.3276343680083575,0.3423477098797165,0.12787212787212787
partner_selectivity,era 2,target,0.14613905860276036,0.14030338926599495,0.13630697600197839,0.14607004187275396,0.05194805194805195
partner_selectivity,era 3,target,0.13181711510930044,0.057809025895259866,0.05657080639842524,0.05911039544150395,0.001998001998001998
transitivity,era 1,target,0.75,0.7214180391845281,0.6774193548387096,0.75,0.32367632367632365
transitivity,era 2,target,0.7450693937180424,0.7691573113928939,0.7584269662921348,0.780250347705146,0.001998001998001998
transitivity,era 3,target,0.6469002695417789,0.7203163677185528,0.7045917783913692,0.7351783258252927,0.001998001998001998
in_strength_gini,era 1,none,0.5452231106333102,,,,
in_strength_gini,era 2,none,0.5262067106605628,,,,
in_strength_gini,era 3,none,0.43756701254092956,,,,
