week,messages,agents,era,requests,requests_per_100,answered,backed,each_agent_responds,compliance
2025-03-31,767,4,1,157,20.46936114732725,0.3404255319148936,0.4426229508196721,0.12056737588652482,
2025-04-07,517,4,1,53,10.251450676982591,0.5142857142857142,0.42857142857142855,0.15463917525773196,
2025-04-14,356,6,1,98,27.528089887640448,0.44047619047619047,0.5166666666666667,0.1746031746031746,
2025-04-21,517,5,1,165,31.914893617021278,0.4126984126984127,0.5625,0.15873015873015872,
2025-04-28,825,4,1,140,16.96969696969697,0.4369747899159664,0.34146341463414637,0.1400560224089636,
2025-05-05,2893,4,1,748,25.85551330798479,0.49507735583684953,0.6116642958748222,0.18873239436619718,0.7204301075268817
2025-05-12,2073,4,1,413,19.922817173178966,0.676737160120846,0.40969162995594716,0.27492447129909364,0.7983193277310925
2025-05-19,1780,6,1,359,20.168539325842698,0.5740072202166066,0.42565597667638483,0.19253910950661854,0.7450980392156863
2025-05-26,1098,4,1,71,6.466302367941712,0.631578947368421,0.3380281690140845,0.1695906432748538,
2025-06-02,1089,4,1,101,9.274563820018365,0.6593406593406593,0.49514563106796117,0.2087912087912088,
2025-06-09,1155,4,1,268,23.203463203463205,0.7716535433070866,0.613882863340564,0.36351706036745407,0.8271604938271605
2025-06-16,1383,4,1,215,15.54591467823572,0.6632124352331606,0.6039215686274509,0.231433506044905,0.6956521739130435
2025-06-23,1239,4,1,174,14.043583535108958,0.6551724137931034,0.4779874213836478,0.23218390804597702,
2025-06-30,822,4,1,42,5.109489051094891,0.5294117647058824,0.72,0.12745098039215685,
2025-07-07,650,4,2,18,2.769230769230769,,,,
2025-07-14,786,4,2,76,9.669211195928753,0.6923076923076923,0.4230769230769231,0.34615384615384615,
2025-07-21,882,4,2,71,8.049886621315192,0.5789473684210527,0.5625,0.25146198830409355,
2025-07-28,848,4,2,27,3.1839622641509435,0.65,0.5454545454545454,0.25,
2025-08-04,878,4,2,61,6.947608200455581,0.7407407407407407,0.7254901960784313,0.3271604938271605,
2025-08-11,1329,4,2,76,5.718585402558315,0.582089552238806,0.6086956521739131,0.25870646766169153,
2025-08-18,1255,7,2,5,0.398406374501992,,,,
2025-08-25,2424,7,2,65,2.6815181518151814,0.6792452830188679,0.4626865671641791,0.14465408805031446,
2025-09-01,3619,7,2,241,6.65929814865985,0.762114537444934,0.5126262626262627,0.19089574155653452,0.7469879518072289
2025-09-08,2497,6,2,149,5.967160592711253,0.7372262773722628,0.5051020408163265,0.16642335766423358,0.94
2025-09-15,2070,6,2,107,5.169082125603865,0.6382978723404256,0.5111111111111111,0.12978723404255318,0.8333333333333334
2025-09-22,1868,6,2,41,2.194860813704497,0.4444444444444444,0.7058823529411765,0.1111111111111111,
2025-09-29,2992,7,2,188,6.283422459893048,0.7808988764044944,0.39285714285714285,0.19837232960325535,0.8571428571428571
2025-10-06,1924,7,2,64,3.3264033264033266,0.7017543859649122,0.4266666666666667,0.10818713450292397,
2025-10-13,1994,7,2,56,2.8084252758274824,0.660377358490566,0.6111111111111112,0.16666666666666666,
2025-10-20,3615,8,2,293,8.105117565698478,0.7269372693726938,0.6571428571428571,0.16108108108108107,0.5975609756097561
2025-10-27,3423,8,2,163,4.761904761904762,0.6338028169014085,0.45595854922279794,0.1381936887921654,0.7391304347826086
2025-11-03,3525,7,2,234,6.638297872340425,0.6545454545454545,0.6088328075709779,0.16893939393939394,0.8333333333333334
2025-11-10,1833,8,2,131,7.146753955264594,0.5948275862068966,0.5333333333333333,0.13233287858117326,0.7083333333333334
2025-11-17,1713,9,2,57,3.327495621716287,0.5714285714285714,0.5178571428571429,0.09921671018276762,
2025-11-24,2818,10,2,121,4.293825408090845,0.7652173913043478,0.7119565217391305,0.13399014778325122,
2025-12-01,2437,9,2,101,4.144439885104637,0.6777777777777778,0.6171875,0.1320754716981132,
2025-12-08,1824,10,2,180,9.868421052631579,0.6436781609195402,0.6118721461187214,0.09461325966850828,0.578125
2025-12-15,1772,10,2,213,12.020316027088036,0.632768361581921,0.5844748858447488,0.09981167608286252,0.7446808510638298
2025-12-22,1586,10,2,94,5.926860025220681,0.7840909090909091,0.5833333333333334,0.13005050505050506,
2025-12-29,2535,10,2,431,17.00197238658777,0.6588541666666666,0.5962264150943396,0.10884155237817333,0.9019607843137255
2026-01-05,2112,10,2,290,13.731060606060606,0.725925925925926,0.5790816326530612,0.11851851851851852,0.7553191489361702
2026-01-12,1608,10,2,92,5.721393034825871,0.5211267605633803,0.6190476190476191,0.0782472613458529,
2026-01-19,2135,10,2,100,4.68384074941452,0.7419354838709677,0.6121212121212121,0.13500597371565112,
2026-01-26,2984,11,2,202,6.769436997319035,0.7789473684210526,0.5202702702702703,0.11736842105263158,0.725
2026-02-02,1593,12,2,6,0.3766478342749529,,,,
2026-02-09,2632,12,2,216,8.206686930091186,0.7085427135678392,0.6403785488958991,0.10415714938328004,0.7857142857142857
2026-02-16,3137,13,2,214,6.821804271597068,0.698019801980198,0.4580152671755725,0.08658969804618118,
2026-02-23,2928,12,2,162,5.532786885245901,0.7733333333333333,0.539568345323741,0.12363636363636364,0.6153846153846154
2026-03-02,3441,12,2,413,12.002324905550712,0.7423469387755102,0.5650741350906096,0.11085343228200371,0.7523809523809524
2026-03-09,3276,12,2,489,14.926739926739927,0.7237687366167024,0.5684647302904564,0.11391638052918603,0.6413043478260869
2026-03-16,2235,13,2,270,12.080536912751677,0.7351778656126482,0.5866666666666667,0.16734279918864098,0.8
2026-03-23,1743,13,2,242,13.884107860011474,0.7297297297297297,0.5261538461538462,0.16527196652719664,0.84375
2026-03-30,1335,10,2,193,14.456928838951312,0.7953216374269005,0.5947712418300654,0.2600502512562814,0.92
2026-04-06,1553,12,2,326,20.991629104958147,0.6925795053003534,0.7511415525114156,0.1708898055391868,0.7934782608695652
2026-04-13,1301,12,2,183,14.066102997694081,0.6178343949044586,0.5857988165680473,0.18023255813953487,0.8181818181818182
2026-04-20,1069,13,2,56,5.238540692235734,0.5510204081632653,0.8260869565217391,0.12878787878787878,
2026-04-27,865,15,2,25,2.8901734104046244,0.35,0.6428571428571429,0.062146892655367235,
2026-05-04,1731,15,2,243,14.038128249566725,0.7403846153846154,0.5886287625418061,0.08542899408284024,0.7755102040816326
2026-05-11,2146,15,2,408,19.012115563839703,0.7420212765957447,0.5056022408963585,0.166949440108585,0.8043478260869565
2026-05-18,1218,15,2,264,21.67487684729064,0.7533039647577092,0.5172413793103449,0.1271515824541921,
2026-05-25,2139,17,2,330,15.427769985974754,0.8600682593856656,0.6547231270358306,0.17842876165113183,0.8620689655172413
2026-06-01,1908,17,2,159,8.333333333333334,0.7320261437908496,0.5279187817258884,0.1553784860557769,0.9629629629629629
2026-06-08,4677,18,2,480,10.262989095574087,0.7879464285714286,0.47692307692307695,0.13915158065387734,0.8870967741935484
2026-06-15,2396,17,2,282,11.769616026711185,0.7862903225806451,0.6170212765957447,0.1251523770824868,0.8125
2026-06-22,918,17,2,115,12.527233115468409,0.5375,0.47368421052631576,0.05742935278030994,
2026-06-29,3194,21,2,662,20.726361928616154,0.8208,0.5691736304549675,0.13371236049694674,0.8905472636815921
2026-07-06,5707,25,3,1562,27.36989661818819,0.7186417186417187,0.5737879595098562,0.04619358256895924,0.7617554858934169
2026-07-13,4121,25,3,847,20.553263770929387,0.8092848180677541,0.5351027397260274,0.047214353163361665,0.7358490566037735
2026-07-20,4990,27,3,1242,24.889779559118235,0.759493670886076,0.5426908150064683,0.040999679132945915,0.7085201793721974
2026-07-27,4136,27,3,769,18.59284332688588,0.7922437673130194,0.5278030993618961,0.04316175627651037,0.8372093023255814
2026-08-03,4956,27,3,1136,22.92171105730428,0.8020735155513666,0.5141864504921829,0.05053065784385339,0.7758620689655172
2026-08-10,4578,27,3,902,19.702927042376583,0.8040865384615384,0.5211864406779662,0.048985387209371116,0.8032786885245902
2026-08-17,4198,27,3,693,16.507860886136257,0.7523076923076923,0.5688622754491018,0.046575787082116196,0.6916666666666667
2026-08-24,3827,27,3,719,18.78756205905409,0.8232695139911634,0.554416403785489,0.05371302489140178,0.6993865030674846
2026-08-31,4445,31,3,632,14.21822272215973,0.7306397306397306,0.5979772439949431,0.03539311408016444,0.6850828729281768
2026-09-07,3521,30,3,496,14.086907128656632,0.722707423580786,0.49310872894333846,0.03475818485034671,0.8037974683544303
2026-09-14,3129,29,3,411,13.135186960690316,0.765625,0.5835010060362174,0.03802281368821293,0.7777777777777778
