card,kind,measure,setting,value,source,check,stat,who,short,plot
reciprocity,value,Correlation across dyads between grooming given and grooming received (weighted mean r),"females in 48 groups, 22 primate species",r = 0.583 (95% CI 0.472 to 0.676),"Schino & Aureli 2008, Biology Letters 4:9-11",,reciprocity,animal,,
reciprocity,value,"Same, controlling for maternal kinship",22 primate groups,r = 0.468 (95% CI 0.287 to 0.616),"Schino & Aureli 2008, Biology Letters 4:9-11",,reciprocity,animal,,
reciprocity,value,Share of grooming bouts in which the recipient groomed back,"golden snub-nosed monkeys, 855 bouts, 6 one-male units",29.7%,"Wei et al. 2012, PLoS ONE 7",,reciprocity,animal,snub-nosed monkeys: grooming bouts returned,0.297
reciprocity,value,Share of events on a link that are reciprocations; share of links with at least one reciprocation,"email, one European research institution",0.45; 0.90,"Chowdhary et al. 2023, EPJ Data Science",,reciprocity,human,people: email at a research institution,0.45
reciprocity,value,Same two measures,private messaging,0.67; 0.87,"Chowdhary et al. 2023, EPJ Data Science",,reciprocity,human,people: private messaging,0.67
reciprocity,value,Same two measures,SMS,0.74; 0.99,"Chowdhary et al. 2023, EPJ Data Science",,reciprocity,human,people: SMS,0.74
reciprocity,value,Same two measures,phone calls,0.44; 0.95,"Chowdhary et al. 2023, EPJ Data Science",,reciprocity,human,people: phone calls,0.44
reciprocity,value,Same two measures,Twitter mentions,0.11; 0.40,"Chowdhary et al. 2023, EPJ Data Science",,reciprocity,human,people: Twitter mentions,0.11
reciprocity,value,Share of follow links that are mutual,Twitter follower graph,22.1%,"Kwak et al. 2010, Proc. WWW",†,reciprocity,human,people: Twitter follows that are mutual,0.221
reciprocity,note,"Ours is the share of mention weight that is returned, on a directed network. The event-based share in Chowdhary et al. is the closest definition and is what the figure draws; the primate figure is a correlation across dyads, so it shares a scale with ours only by coincidence and stays in the table. None of these sources tests against a permutation null that holds volume fixed, and under ours only a few hundredths of the agents' value is beyond chance: the hollow dot is where the shuffle puts the agents.",,,,,,,,
same_family_share,value,Adults naming any confidant of another race,"US national sample, networks of two or more","8%, less than one seventh of the mixing expected under random choice","Marsden 1987, reported in McPherson, Smith-Lovin & Cook 2001, Annual Review of Sociology 27:415-444",,cross_kind_mixing,human,"people: confidants of another race, US adults",0.14
same_family_share,value,"Cross-race friendships observed, relative to chance",US schoolchildren,two thirds of expected in third grade; 10% of expected by middle school,"Shrum et al. 1988, reported in McPherson, Smith-Lovin & Cook 2001",,cross_kind_mixing,human,"people: cross-race friendships at school",third grade:0.67;middle school:0.10
same_family_share,value,"Sex mixing of confidant networks, relative to the population",US national sample,about 70%; 22% of people have no cross-sex confidant,"Marsden 1987, reported in McPherson, Smith-Lovin & Cook 2001",,cross_kind_mixing,human,"people: confidants of the other sex, US adults",0.70
same_family_share,value,Assortativity coefficient by sex (Newman's r),"bottlenose dolphins, 62 individuals",r = 0.346 ± 0.053,"Lusseau & Newman 2004, Proc. R. Soc. B 271 (Suppl.):S477-S481",,cross_kind_mixing,animal,,
same_family_share,value,Assortativity coefficient by age class,same dolphin network,r = 0.148 ± 0.044,"Lusseau & Newman 2004, Proc. R. Soc. B 271 (Suppl.):S477-S481",,cross_kind_mixing,animal,,
same_family_share,note,"The human rows are observed-over-expected ratios, so they compare directly once ours is written the same way, which is what the figure does: people keep cross-race confidants at under one seventh of chance, the agents keep cross-family mentions close to chance. The dolphin value is Newman's coefficient, a different statistic, and stays in the table. Model family is not visible to agents the way race or sex is to people.",,,,,,,,
transitivity,note,"No benchmark is set beside this card on purpose: the clustering of a mention network is a different quantity from the triangle transitivity of animal dominance matrices (0.88 ± 0.02 over 101 datasets, Shizuka & McDonald 2012), which belongs with the hierarchy below. Clustering values for human communication networks depend heavily on how ties are thresholded, so none is quoted here.",,,,,,,,
hierarchy,value,Steepness (slope of normalised David's scores on rank; de Vries et al. 2006),"four wild macaque groups: Japanese, long-tailed, Barbary, moor; 20 to 55 individuals","0.280, 0.290, 0.244, 0.163","Amici et al. 2020, Scientific Reports 10",,steepness,animal,"wild macaques, four groups",Japanese:0.280;long-tailed:0.290;Barbary:0.244;moor:0.163
hierarchy,value,Steepness (same method),"five wild lemur groups, 6 to 13 individuals",0.258 to 0.776,"Norscia & Palagi 2015, PeerJ 3:e729",,steepness,animal,"wild lemurs, five groups",0.258..0.776
hierarchy,value,"Linearity, Landau's h'",same five lemur groups,0.509 to 0.988,"Norscia & Palagi 2015, PeerJ 3:e729",,landau_h,animal,"wild lemurs, five groups",0.509..0.988
hierarchy,value,"Triangle transitivity, ttri",same five lemur groups,0.360 to 1.000,"Norscia & Palagi 2015, PeerJ 3:e729",,triangle_transitivity,animal,"wild lemurs, five groups",0.360..1.000
hierarchy,value,"Triangle transitivity, ttri, mean ± SE",101 published dominance matrices across taxa,"0.88 ± 0.02 (0 is the random expectation, 1 is no cycles)","Shizuka & McDonald 2012, Animal Behaviour 83:925-934",,triangle_transitivity,animal,"101 animal dominance matrices, mean",0.88
hierarchy,value,Datasets with no cyclic triads; datasets with Landau's h = 1,same 101 matrices,33 of 101; 4 of 101,"Shizuka & McDonald 2012, Animal Behaviour 83:925-934",,,animal,,
hierarchy,note,"Same statistics, different contest: ours are directives and compliance, theirs agonistic wins and losses. Steepness falls when many pairs are never observed (62% of relationships were unknown in the macaque matrices, 26% of dyads empty on average in the 101), which is why ours is read against its permutation null, the hollow dot. The agents' steepness sits below every primate value found, and their triangle transitivity is well short of the 0.88 typical of animal hierarchies, where cycles are rare.",,,,,,,,
bystander,value,"Overall effect of bystanders on helping, Hedges' g","meta-analysis, 105 effect sizes, over 7,700 participants",g = −0.35,"Fischer et al. 2011, Psychological Bulletin 137:517-537",,,human,,
bystander,value,"Share who reported a staged seizure, by number of people believed able to help (1, 2, 5)","laboratory, students on an intercom","85%, 62%, 31%","Darley & Latané 1968, J. Personality and Social Psychology 8:377-383",†,p_each_agent_responds,human,"people: a staged seizure, by helpers believed present (Darley & Latané 1968)",1:0.85;2:0.62;5:0.31
bystander,value,Share who reported smoke: alone; three naive participants; with two passive confederates,laboratory,75%; 38%; 10%,"Latané & Darley 1968, J. Personality and Social Psychology 10:215-221",†,p_any_agent_responds,human,"people: smoke in the room, alone and in threes (Latané & Darley 1968)",1:0.75;3:0.38
bystander,value,Help rate alone against in groups,"review of 56 comparisons, over 6,000 participants",about 75% against under 53%; alone higher in 48 of 56,"Latané & Nida 1981, Psychological Bulletin 89:308-324",†,,human,,
bystander,value,"Share replying to an emailed request, by number of other recipients shown (0, 1, 14, 49)","university students, 100 per condition","38%, 33%, 14%, 14%","Blair, Thompson & Wuensch 2005, Basic and Applied Social Psychology 27:171-178",,p_each_agent_responds,human,"people: an emailed request, by recipients shown (Blair et al. 2005)",1:0.38;2:0.33;15:0.14;50:0.14
bystander,value,"Time to first reply to a help request, no name given against one participant named",about 400 online chat groups,51 s against 37 s,"Markey 2000, Computers in Human Behavior 16:183-188",†,,human,,
bystander,value,Emailed requests that got a reply; no group-size effect found,"one company, internal email",77.1%,"LaMastro & McFarland 2011, Issues in Information Systems 12(1):189-193",,,human,,
bystander,value,Questions answered; median time to first answer; answered within one hour,Stack Overflow,91.3%; 16 minutes; 63.5%,"Bhat et al. 2014, Proc. ASONAM",,,human,,
bystander,value,Service requests to strangers that got any response,"online service-exchange community, 189 requests",47%,"van Apeldoorn & Schram 2016, PLoS ONE 11:e0152076",,,human,,
bystander,value,"Pull per person: alone, groups of 3, groups of 8","rope pulling, men","63 kg, 53 kg, 31 kg (85% and 49% of solo)","Ringelmann 1913, reported in Kravitz & Martin 1986, J. Personality and Social Psychology 50:936-941",†,,human,,
bystander,note,"The laboratory rows are per-person response probabilities by group size, the counterpart of our per-agent rate; the left panel draws them on one axis of group size, as each study counts it, and they point the same way with a similar size: from 1 to 5 helpers the seizure study keeps 36% of the solo rate, from 1 to 15 recipients the email study keeps 37%. Two differences matter: those are emergencies seen once, ours routine requests that stay on screen; their group size is assigned, ours varies with the day. The group-level rates (did anyone answer) are the counterpart of our anyone-answers curve, the right panel; Stack Overflow's one-hour figure is the fairer match to our 30-minute window. And where the classic emergency result is that the group does worse as it grows (smoke: 38% of three-person groups against 75% of people alone), the agents' group does better.",,,,,,,,
helping,value,"Requests accepted outright, requester with a history of serving others against a neutral profile","field experiment, online service-exchange community",28.1% against 12.9%,"van Apeldoorn & Schram 2016, PLoS ONE 11:e0152076",,indirect reciprocity,human,"people: a service-exchange community, field",neutral profile:0.129;record of serving others:0.281
helping,value,Helping rate when the recipient's record of helping is public against private,"laboratory helping game, 80 subjects, 80 rounds",74% against 37%; 32% when neither record is public,"Engelmann & Fischbacher 2009, Games and Economic Behavior 67:399-407",,indirect reciprocity,human,people: a helping game in the laboratory,recipient's record private:0.37;public:0.74
helping,value,"Donations by the receiver's record of giving to others, direct reciprocity ruled out","laboratory giving game, 79 students",more frequent to receivers who had been generous to others; shares not reported,"Wedekind & Milinski 2000, Science 288:850-852",,indirect reciprocity,human,,
helping,value,"Direct, indirect and generalised reciprocity in grooming",long-tailed macaques,"strong evidence for direct reciprocity, limited support for indirect, none for generalised","Majolo, Schino & Aureli 2012, Animal Behaviour 83:763-771",,,animal,,
helping,note,"In people, a record of helping others raises the help received, in the laboratory and in the field. The agents run the other way: being known to answer others lowers the chance of being answered, while direct reciprocity is positive, which is the macaque pattern. The figure sets the agents' plain answer rates, by whether the asker had lately helped this one or others, beside the two human studies that report rates; only the direction compares, not the size, since the settings differ and the agents' model term is per log unit of past answers and conditional on direct reciprocity.",,,,,,,,
